sequence_id,anomaly_score,threshold,is_anomalous,target
0,0.38723028,2.920828104019165,0,0
1,0.38972157,2.920828104019165,0,0
2,0.38264197,2.920828104019165,0,0
3,0.40046728,2.920828104019165,0,0
4,0.43747526,2.920828104019165,0,0
5,0.52274203,2.920828104019165,0,0
6,0.073773265,2.920828104019165,0,0
7,0.071689,2.920828104019165,0,0
8,0.030925458,2.920828104019165,0,0
9,0.03140058,2.920828104019165,0,0
10,0.064014435,2.920828104019165,0,0
11,0.07036161,2.920828104019165,0,0
12,0.07347964,2.920828104019165,0,0
13,0.07192281,2.920828104019165,0,0
14,0.07000986,2.920828104019165,0,0
15,0.0837115,2.920828104019165,0,0
16,0.08642349,2.920828104019165,0,0
17,0.08570264,2.920828104019165,0,0
18,0.084732786,2.920828104019165,0,0
19,0.08324749,2.920828104019165,0,0
20,0.05203673,2.920828104019165,0,0
21,0.049875923,2.920828104019165,0,0
22,0.046835575,2.920828104019165,0,0
23,0.08908206,2.920828104019165,0,0
24,0.111026615,2.920828104019165,0,0
25,0.07438375,2.920828104019165,0,0
26,0.080896884,2.920828104019165,0,0
27,0.08469837,2.920828104019165,0,0
28,0.083056256,2.920828104019165,0,0
29,0.081055045,2.920828104019165,0,0
30,0.078057066,2.920828104019165,0,0
31,0.07054961,2.920828104019165,0,0
32,0.06497743,2.920828104019165,0,0
33,0.037559215,2.920828104019165,0,0
34,0.002544876,2.920828104019165,0,0
35,0.0024511926,2.920828104019165,0,0
36,0.0029459517,2.920828104019165,0,0
37,0.0032004286,2.920828104019165,0,0
38,0.0037308477,2.920828104019165,0,0
39,0.004411193,2.920828104019165,0,0
40,0.0032515447,2.920828104019165,0,0
41,0.0033975681,2.920828104019165,0,0
42,0.0036459742,2.920828104019165,0,0
43,0.0027597148,2.920828104019165,0,0
44,0.002666416,2.920828104019165,0,0
45,0.0035384244,2.920828104019165,0,0
46,0.0029212746,2.920828104019165,0,0
47,0.002798373,2.920828104019165,0,0
48,0.0033781694,2.920828104019165,0,0
49,0.0037878307,2.920828104019165,0,0
50,0.0038511904,2.920828104019165,0,0
51,0.0036228301,2.920828104019165,0,0
52,0.0046978067,2.920828104019165,0,0
53,0.003535457,2.920828104019165,0,0
54,0.0035637293,2.920828104019165,0,0
55,0.003935866,2.920828104019165,0,0
56,0.048113063,2.920828104019165,0,0
57,0.05028442,2.920828104019165,0,0
58,0.049725033,2.920828104019165,0,0
59,0.052077457,2.920828104019165,0,0
60,0.05326696,2.920828104019165,0,0
61,0.053450618,2.920828104019165,0,0
62,0.050695166,2.920828104019165,0,0
63,0.04896052,2.920828104019165,0,0
64,0.044528965,2.920828104019165,0,0
65,0.040914867,2.920828104019165,0,0
66,0.0023656162,2.920828104019165,0,0
67,0.0021753903,2.920828104019165,0,0
68,0.0024837628,2.920828104019165,0,0
69,0.031459272,2.920828104019165,0,0
70,0.031240858,2.920828104019165,0,0
71,0.033268083,2.920828104019165,0,0
72,0.034066197,2.920828104019165,0,0
73,0.06638916,2.920828104019165,0,0
74,0.07127417,2.920828104019165,0,0
75,0.07259748,2.920828104019165,0,0
76,1.1164625,2.920828104019165,0,0
77,1.0817995,2.920828104019165,0,0
78,0.9663261,2.920828104019165,0,0
79,0.8621906,2.920828104019165,0,0
80,0.8566596,2.920828104019165,0,0
81,0.9074959,2.920828104019165,0,0
82,0.85878164,2.920828104019165,0,0
83,1.0328935,2.920828104019165,0,0
84,1.1230117,2.920828104019165,0,0
85,0.7693213,2.920828104019165,0,0
86,0.10403422,2.920828104019165,0,0
87,0.105490565,2.920828104019165,0,0
88,0.105613455,2.920828104019165,0,0
89,0.1022991,2.920828104019165,0,0
90,0.076324515,2.920828104019165,0,0
91,0.069137536,2.920828104019165,0,0
92,0.041635964,2.920828104019165,0,0
93,0.08545526,2.920828104019165,0,0
94,0.06754957,2.920828104019165,0,0
95,0.07483556,2.920828104019165,0,0
96,0.08508052,2.920828104019165,0,0
97,0.09659506,2.920828104019165,0,0
98,0.106019884,2.920828104019165,0,0
99,0.108671576,2.920828104019165,0,0
100,0.10798884,2.920828104019165,0,0
101,0.09996758,2.920828104019165,0,0
102,0.097772144,2.920828104019165,0,0
103,0.070212565,2.920828104019165,0,0
104,0.040817004,2.920828104019165,0,0
105,0.038048152,2.920828104019165,0,0
106,0.0038422511,2.920828104019165,0,0
107,0.0035430994,2.920828104019165,0,0
108,0.0030946059,2.920828104019165,0,0
109,0.0038337405,2.920828104019165,0,0
110,0.0029273853,2.920828104019165,0,0
111,0.002802115,2.920828104019165,0,0
112,0.0019584666,2.920828104019165,0,0
113,0.001968669,2.920828104019165,0,0
114,0.0025899783,2.920828104019165,0,0
115,0.0023261232,2.920828104019165,0,0
116,0.0024357114,2.920828104019165,0,0
117,0.045327358,2.920828104019165,0,0
118,0.046521004,2.920828104019165,0,0
119,0.07046662,2.920828104019165,0,0
120,0.076828636,2.920828104019165,0,0
121,0.08136202,2.920828104019165,0,0
122,0.08681341,2.920828104019165,0,0
123,0.08771755,2.920828104019165,0,0
124,0.11736713,2.920828104019165,0,0
125,0.11804846,2.920828104019165,0,0
126,0.11935159,2.920828104019165,0,0
127,0.08877678,2.920828104019165,0,0
128,0.12199145,2.920828104019165,0,0
129,0.08644206,2.920828104019165,0,0
130,0.10358107,2.920828104019165,0,0
131,0.11134961,2.920828104019165,0,0
132,0.113102995,2.920828104019165,0,0
133,0.11317208,2.920828104019165,0,0
134,0.1057265,2.920828104019165,0,0
135,0.111348234,2.920828104019165,0,0
136,0.112438396,2.920828104019165,0,0
137,0.11320921,2.920828104019165,0,0
138,0.085676886,2.920828104019165,0,0
139,0.124674626,2.920828104019165,0,0
140,0.09043976,2.920828104019165,0,0
141,0.09097546,2.920828104019165,0,0
142,0.09048229,2.920828104019165,0,0
143,0.090507716,2.920828104019165,0,0
144,0.055082284,2.920828104019165,0,0
145,0.053327523,2.920828104019165,0,0
146,0.050138682,2.920828104019165,0,0
147,0.0432416,2.920828104019165,0,0
148,0.042018097,2.920828104019165,0,0
149,0.002933405,2.920828104019165,0,0
150,0.002633217,2.920828104019165,0,0
151,0.0050431387,2.920828104019165,0,0
152,0.0039505423,2.920828104019165,0,0
153,0.0034001828,2.920828104019165,0,0
154,0.0028976037,2.920828104019165,0,0
155,0.0022045725,2.920828104019165,0,0
156,0.04433473,2.920828104019165,0,0
157,0.063891806,2.920828104019165,0,0
158,0.07409113,2.920828104019165,0,0
159,0.08070766,2.920828104019165,0,0
160,0.08370627,2.920828104019165,0,0
161,0.10219988,2.920828104019165,0,0
162,0.10752549,2.920828104019165,0,0
163,0.12375632,2.920828104019165,0,0
164,0.13166815,2.920828104019165,0,0
165,0.13603021,2.920828104019165,0,0
166,0.11124363,2.920828104019165,0,0
167,0.08451378,2.920828104019165,0,0
168,0.080388874,2.920828104019165,0,0
169,0.07322795,2.920828104019165,0,0
170,0.0738433,2.920828104019165,0,0
171,0.08554737,2.920828104019165,0,0
172,0.08530949,2.920828104019165,0,0
173,0.050968256,2.920828104019165,0,0
174,0.0742306,2.920828104019165,0,0
175,0.08111087,2.920828104019165,0,0
176,0.08386465,2.920828104019165,0,0
177,0.08425443,2.920828104019165,0,0
178,0.08061537,2.920828104019165,0,0
179,0.07749981,2.920828104019165,0,0
180,0.07606315,2.920828104019165,0,0
181,0.04672872,2.920828104019165,0,0
182,0.047523484,2.920828104019165,0,0
183,1.0309228,2.920828104019165,0,0
184,0.9361308,2.920828104019165,0,0
185,0.7857121,2.920828104019165,0,0
186,0.7632724,2.920828104019165,0,0
187,0.7616083,2.920828104019165,0,0
188,0.7341871,2.920828104019165,0,0
189,0.71121204,2.920828104019165,0,0
190,0.6744978,2.920828104019165,0,0
191,1.056782,2.920828104019165,0,0
192,0.6504063,2.920828104019165,0,0
193,0.09779384,2.920828104019165,0,0
194,0.46254328,2.920828104019165,0,1
195,0.74829423,2.920828104019165,0,1
196,0.88458794,2.920828104019165,0,1
197,0.9846304,2.920828104019165,0,1
198,1.6613618,2.920828104019165,0,1
199,2.1229165,2.920828104019165,0,1
200,3.1805093,2.920828104019165,1,1
201,3.112159,2.920828104019165,1,1
202,2.3802946,2.920828104019165,0,1
203,0.986651,2.920828104019165,0,1
204,0.04166494,2.920828104019165,0,0
205,0.0052907164,2.920828104019165,0,0
206,0.0053131604,2.920828104019165,0,0
207,0.0039804117,2.920828104019165,0,0
208,0.004204568,2.920828104019165,0,0
209,0.004655354,2.920828104019165,0,0
210,0.0045792907,2.920828104019165,0,0
211,0.0054081865,2.920828104019165,0,0
212,1.9469,2.920828104019165,0,1
213,2.171268,2.920828104019165,0,1
214,4.442916,2.920828104019165,1,1
215,4.635958,2.920828104019165,1,1
216,4.6647377,2.920828104019165,1,1
217,4.7578807,2.920828104019165,1,1
218,7.9866166,2.920828104019165,1,1
219,9.594039,2.920828104019165,1,1
220,9.575653,2.920828104019165,1,1
221,9.995235,2.920828104019165,1,1
222,6.3667154,2.920828104019165,1,1
223,6.2437773,2.920828104019165,1,1
224,5.196348,2.920828104019165,1,1
225,5.2262807,2.920828104019165,1,1
226,9.400837,2.920828104019165,1,1
227,9.281257,2.920828104019165,1,1
228,4.2308784,2.920828104019165,1,1
229,2.5264866,2.920828104019165,0,1
230,2.435421,2.920828104019165,0,1
231,2.1493182,2.920828104019165,0,1
232,0.8437112,2.920828104019165,0,1
233,0.5942007,2.920828104019165,0,1
234,0.6615396,2.920828104019165,0,1
235,0.50815725,2.920828104019165,0,1
236,0.43215406,2.920828104019165,0,0
237,0.40741467,2.920828104019165,0,0
238,0.39506194,2.920828104019165,0,0
239,0.3882428,2.920828104019165,0,0
240,0.38930497,2.920828104019165,0,0
241,0.39704862,2.920828104019165,0,0
242,0.425152,2.920828104019165,0,0
243,0.45071325,2.920828104019165,0,0
244,3.2175164,2.920828104019165,1,0
245,3.4229906,2.920828104019165,1,0
246,2.522535,2.920828104019165,0,0
247,2.9541833,2.920828104019165,1,0
248,2.9196918,2.920828104019165,0,0
249,2.9543006,2.920828104019165,1,0
250,2.8655872,2.920828104019165,0,0
251,2.9225328,2.920828104019165,1,0
252,3.1612027,2.920828104019165,1,0
253,4.1191325,2.920828104019165,1,0
254,0.30156687,2.920828104019165,0,0
255,0.34532493,2.920828104019165,0,0
256,0.45046747,2.920828104019165,0,0
257,0.07324089,2.920828104019165,0,0
258,0.07749657,2.920828104019165,0,0
259,0.08245535,2.920828104019165,0,0
260,0.08496832,2.920828104019165,0,0
261,0.08350603,2.920828104019165,0,0
262,0.080629595,2.920828104019165,0,0
263,0.076000206,2.920828104019165,0,0
264,0.07370871,2.920828104019165,0,0
265,0.040639047,2.920828104019165,0,0
266,0.0025851114,2.920828104019165,0,0
267,0.0025425607,2.920828104019165,0,0
268,0.0024398211,2.920828104019165,0,0
269,0.0028672586,2.920828104019165,0,0
270,0.0019366709,2.920828104019165,0,0
271,0.002035226,2.920828104019165,0,0
272,0.0020653743,2.920828104019165,0,0
273,0.002756701,2.920828104019165,0,0
274,0.0020204973,2.920828104019165,0,0
275,0.0022138783,2.920828104019165,0,0
276,0.0024730118,2.920828104019165,0,0
277,0.0029622782,2.920828104019165,0,0
278,0.0026007546,2.920828104019165,0,0
279,0.0028497805,2.920828104019165,0,0
280,0.004469376,2.920828104019165,0,0
281,0.0056518414,2.920828104019165,0,0
282,0.0032519996,2.920828104019165,0,0
283,0.0032172273,2.920828104019165,0,0
284,0.0455326,2.920828104019165,0,0
285,0.049968615,2.920828104019165,0,0
286,0.06640177,2.920828104019165,0,0
287,0.07432299,2.920828104019165,0,0
288,0.07672832,2.920828104019165,0,0
289,0.079129584,2.920828104019165,0,0
290,0.100619614,2.920828104019165,0,0
291,0.10842186,2.920828104019165,0,0
292,0.109127,2.920828104019165,0,0
293,0.110667646,2.920828104019165,0,0
294,0.082262374,2.920828104019165,0,0
295,0.07866596,2.920828104019165,0,0
296,0.046966754,2.920828104019165,0,0
297,0.04541134,2.920828104019165,0,0
298,0.04206052,2.920828104019165,0,0
299,0.039951213,2.920828104019165,0,0
300,0.002691064,2.920828104019165,0,0
301,0.0025996065,2.920828104019165,0,0
302,0.04100512,2.920828104019165,0,0
303,0.046682354,2.920828104019165,0,0
304,0.046141542,2.920828104019165,0,0
305,0.04608198,2.920828104019165,0,0
306,0.046237193,2.920828104019165,0,0
307,0.070240095,2.920828104019165,0,0
308,0.069846645,2.920828104019165,0,0
309,0.06916541,2.920828104019165,0,0
310,0.06918765,2.920828104019165,0,0
311,0.06569337,2.920828104019165,0,0
312,0.06663422,2.920828104019165,0,0
313,0.06935921,2.920828104019165,0,0
314,0.08909411,2.920828104019165,0,0
315,0.09873285,2.920828104019165,0,0
316,0.11456349,2.920828104019165,0,0
317,0.101780295,2.920828104019165,0,0
318,0.106334515,2.920828104019165,0,0
319,0.10847673,2.920828104019165,0,0
320,0.10845537,2.920828104019165,0,0
321,0.105750956,2.920828104019165,0,0
322,0.08139816,2.920828104019165,0,0
323,1.0446382,2.920828104019165,0,0
324,0.9828364,2.920828104019165,0,0
325,0.913793,2.920828104019165,0,0
326,0.84215677,2.920828104019165,0,0
327,0.8263242,2.920828104019165,0,0
328,0.80054337,2.920828104019165,0,0
329,0.7763127,2.920828104019165,0,0
330,0.7551493,2.920828104019165,0,0
331,1.1456276,2.920828104019165,0,0
332,0.74192405,2.920828104019165,0,0
333,0.046579752,2.920828104019165,0,0
334,0.04422186,2.920828104019165,0,0
335,0.08993838,2.920828104019165,0,0
336,0.049223468,2.920828104019165,0,0
337,0.050878808,2.920828104019165,0,0
338,0.051732518,2.920828104019165,0,0
339,0.05266809,2.920828104019165,0,0
340,0.050520487,2.920828104019165,0,0
341,0.049274944,2.920828104019165,0,0
342,0.04599812,2.920828104019165,0,0
343,0.04376555,2.920828104019165,0,0
344,0.041383035,2.920828104019165,0,0
345,0.0030335833,2.920828104019165,0,0
346,0.003078423,2.920828104019165,0,0
347,0.0035903847,2.920828104019165,0,0
348,0.0029928966,2.920828104019165,0,0
349,0.0030666534,2.920828104019165,0,0
350,0.0031844778,2.920828104019165,0,0
351,0.0033273306,2.920828104019165,0,0
352,0.0031907198,2.920828104019165,0,0
353,0.0033551273,2.920828104019165,0,0
354,0.0036726028,2.920828104019165,0,0
355,0.003861163,2.920828104019165,0,0
356,0.0031400856,2.920828104019165,0,0
357,0.0026160846,2.920828104019165,0,0
358,0.0022432762,2.920828104019165,0,0
359,0.0019398377,2.920828104019165,0,0
360,0.0019020725,2.920828104019165,0,0
361,0.0016509593,2.920828104019165,0,0
362,0.043468136,2.920828104019165,0,0
363,0.044785105,2.920828104019165,0,0
364,0.4874443,2.920828104019165,0,0
365,0.6355305,2.920828104019165,0,0
366,0.528959,2.920828104019165,0,0
367,0.51595116,2.920828104019165,0,0
368,0.47833383,2.920828104019165,0,0
369,0.5000135,2.920828104019165,0,0
370,0.5211721,2.920828104019165,0,0
371,0.51966715,2.920828104019165,0,0
372,0.590549,2.920828104019165,0,0
373,0.721729,2.920828104019165,0,0
374,0.09302522,2.920828104019165,0,0
375,0.09110803,2.920828104019165,0,0
376,0.07255712,2.920828104019165,0,0
377,0.06996747,2.920828104019165,0,0
378,0.06521572,2.920828104019165,0,0
379,6.0227194,2.920828104019165,1,0
380,7.439301,2.920828104019165,1,1
381,7.5187254,2.920828104019165,1,1
382,7.696023,2.920828104019165,1,1
383,13.440296,2.920828104019165,1,1
384,12.029926,2.920828104019165,1,1
385,15.886863,2.920828104019165,1,1
386,15.907249,2.920828104019165,1,1
387,19.198666,2.920828104019165,1,1
388,20.129416,2.920828104019165,1,1
389,16.406258,2.920828104019165,1,1
390,14.73015,2.920828104019165,1,1
391,14.306528,2.920828104019165,1,1
392,17.554296,2.920828104019165,1,1
393,14.829429,2.920828104019165,1,1
394,12.434974,2.920828104019165,1,1
395,9.8484955,2.920828104019165,1,1
396,11.523747,2.920828104019165,1,1
397,12.068327,2.920828104019165,1,1
398,13.691855,2.920828104019165,1,1
399,13.114867,2.920828104019165,1,1
400,13.573591,2.920828104019165,1,1
401,13.321136,2.920828104019165,1,1
402,11.383828,2.920828104019165,1,1
403,18.772343,2.920828104019165,1,1
404,16.516914,2.920828104019165,1,1
405,12.523661,2.920828104019165,1,1
406,12.015302,2.920828104019165,1,1
407,12.27589,2.920828104019165,1,1
408,12.810396,2.920828104019165,1,1
409,15.134266,2.920828104019165,1,1
410,19.27237,2.920828104019165,1,1
411,22.231407,2.920828104019165,1,1
412,23.837498,2.920828104019165,1,1
413,22.430792,2.920828104019165,1,1
414,23.492834,2.920828104019165,1,1
415,25.26329,2.920828104019165,1,1
416,28.478045,2.920828104019165,1,1
417,29.538462,2.920828104019165,1,1
418,25.346252,2.920828104019165,1,1
419,29.377804,2.920828104019165,1,1
420,26.738642,2.920828104019165,1,1
421,24.371206,2.920828104019165,1,1
422,23.464632,2.920828104019165,1,1
423,25.345308,2.920828104019165,1,1
424,30.768349,2.920828104019165,1,1
425,32.52319,2.920828104019165,1,1
426,29.632921,2.920828104019165,1,1
427,34.09852,2.920828104019165,1,1
428,30.235132,2.920828104019165,1,1
429,33.384285,2.920828104019165,1,1
430,32.835316,2.920828104019165,1,1
431,34.42755,2.920828104019165,1,1
432,38.941452,2.920828104019165,1,1
433,38.023346,2.920828104019165,1,1
434,38.146297,2.920828104019165,1,1
435,38.201256,2.920828104019165,1,1
436,40.01747,2.920828104019165,1,1
437,32.977203,2.920828104019165,1,1
438,39.23363,2.920828104019165,1,1
439,34.246655,2.920828104019165,1,1
440,29.93711,2.920828104019165,1,1
441,26.33715,2.920828104019165,1,1
442,30.591566,2.920828104019165,1,1
443,25.814592,2.920828104019165,1,1
444,25.162346,2.920828104019165,1,1
445,23.349876,2.920828104019165,1,1
446,23.089401,2.920828104019165,1,1
447,27.646982,2.920828104019165,1,1
448,24.050228,2.920828104019165,1,1
449,25.527836,2.920828104019165,1,1
450,29.906382,2.920828104019165,1,1
451,30.719797,2.920828104019165,1,1
452,27.721046,2.920828104019165,1,1
453,24.315853,2.920828104019165,1,1
454,25.181114,2.920828104019165,1,1
455,28.824429,2.920828104019165,1,1
456,32.415752,2.920828104019165,1,1
457,34.16668,2.920828104019165,1,1
458,32.845284,2.920828104019165,1,1
459,37.303074,2.920828104019165,1,1
460,34.880333,2.920828104019165,1,1
461,33.33192,2.920828104019165,1,1
462,32.051086,2.920828104019165,1,1
463,36.78774,2.920828104019165,1,1
464,34.03002,2.920828104019165,1,1
465,31.261612,2.920828104019165,1,1
466,25.126083,2.920828104019165,1,1
467,21.379025,2.920828104019165,1,1
468,18.648043,2.920828104019165,1,1
469,11.213024,2.920828104019165,1,1
470,10.418952,2.920828104019165,1,1
471,8.982113,2.920828104019165,1,1
472,8.474238,2.920828104019165,1,1
473,5.744664,2.920828104019165,1,1
474,3.3779938,2.920828104019165,1,1
475,0.0030505257,2.920828104019165,0,0
476,0.0023233753,2.920828104019165,0,0
477,0.0026092667,2.920828104019165,0,0
478,0.0024444198,2.920828104019165,0,0
479,0.0018016021,2.920828104019165,0,0
480,0.001979512,2.920828104019165,0,0
481,0.04373759,2.920828104019165,0,0
482,0.04506217,2.920828104019165,0,0
483,0.047388613,2.920828104019165,0,0
484,0.048961595,2.920828104019165,0,0
485,0.048871834,2.920828104019165,0,0
486,0.04871003,2.920828104019165,0,0
487,0.048238844,2.920828104019165,0,0
488,0.045774333,2.920828104019165,0,0
489,0.04218273,2.920828104019165,0,0
490,0.043259826,2.920828104019165,0,0
491,0.0020597775,2.920828104019165,0,0
492,0.0028413413,2.920828104019165,0,0
493,0.0029433167,2.920828104019165,0,0
494,0.0026665037,2.920828104019165,0,0
495,0.00259639,2.920828104019165,0,0
496,0.002771265,2.920828104019165,0,0
497,0.0027840706,2.920828104019165,0,0
498,0.0035785188,2.920828104019165,0,0
499,0.0043838783,2.920828104019165,0,0
500,0.0036800008,2.920828104019165,0,0
501,0.0025130536,2.920828104019165,0,0
502,0.0025910719,2.920828104019165,0,0
503,0.0029721975,2.920828104019165,0,0
504,0.0033609266,2.920828104019165,0,0
505,0.0035968202,2.920828104019165,0,0
506,0.0038840165,2.920828104019165,0,0
507,0.0043630344,2.920828104019165,0,0
508,0.004301347,2.920828104019165,0,0
509,0.0027613963,2.920828104019165,0,0
510,0.0043213153,2.920828104019165,0,0
511,0.0042198747,2.920828104019165,0,0
512,0.005639853,2.920828104019165,0,0
513,0.0045919344,2.920828104019165,0,0
514,0.0059228297,2.920828104019165,0,0
515,0.0056341267,2.920828104019165,0,0
516,0.04775198,2.920828104019165,0,0
517,0.06860458,2.920828104019165,0,0
518,0.07437932,2.920828104019165,0,0
519,0.080903165,2.920828104019165,0,0
520,0.08514862,2.920828104019165,0,0
521,0.10007859,2.920828104019165,0,0
522,0.10740739,2.920828104019165,0,0
523,0.10865004,2.920828104019165,0,0
524,0.10763968,2.920828104019165,0,0
525,0.10449396,2.920828104019165,0,0
526,0.07873873,2.920828104019165,0,0
527,0.047460694,2.920828104019165,0,0
528,0.044494793,2.920828104019165,0,0
529,0.041060444,2.920828104019165,0,0
530,0.038960584,2.920828104019165,0,0
531,0.0033050606,2.920828104019165,0,0
532,0.0024887894,2.920828104019165,0,0
533,0.0023264484,2.920828104019165,0,0
534,0.0025594893,2.920828104019165,0,0
535,0.0032847177,2.920828104019165,0,0
536,0.0033852842,2.920828104019165,0,0
537,0.0023525243,2.920828104019165,0,0
538,0.044056542,2.920828104019165,0,0
539,0.06346611,2.920828104019165,0,0
540,0.070531435,2.920828104019165,0,0
541,0.08794226,2.920828104019165,0,0
542,0.10155674,2.920828104019165,0,0
543,0.10413743,2.920828104019165,0,0
544,0.1062911,2.920828104019165,0,0
545,0.10117926,2.920828104019165,0,0
546,0.098466754,2.920828104019165,0,0
547,0.37596464,2.920828104019165,0,0
548,0.35334718,2.920828104019165,0,0
549,0.2975118,2.920828104019165,0,0
550,0.24273355,2.920828104019165,0,0
551,0.23731597,2.920828104019165,0,0
552,0.2050071,2.920828104019165,0,0
553,0.19570029,2.920828104019165,0,0
554,0.22552991,2.920828104019165,0,0
555,0.287181,2.920828104019165,0,0
556,0.31114325,2.920828104019165,0,0
557,0.07133777,2.920828104019165,0,0
558,0.07185532,2.920828104019165,0,0
559,0.09233161,2.920828104019165,0,0
560,0.10096342,2.920828104019165,0,0
561,0.102941185,2.920828104019165,0,0
562,0.10199701,2.920828104019165,0,0
563,0.0983802,2.920828104019165,0,0
564,0.081262745,2.920828104019165,0,0
565,0.048010916,2.920828104019165,0,0
566,0.04584806,2.920828104019165,0,0
567,0.044728804,2.920828104019165,0,0
568,0.04341777,2.920828104019165,0,0
569,0.0029294689,2.920828104019165,0,0
570,0.0035362942,2.920828104019165,0,0
571,0.044956457,2.920828104019165,0,0
572,0.05280675,2.920828104019165,0,0
573,0.07662318,2.920828104019165,0,0
574,0.08182628,2.920828104019165,0,0
575,0.08724648,2.920828104019165,0,0
576,0.08678726,2.920828104019165,0,0
577,0.09024844,2.920828104019165,0,0
578,0.086637,2.920828104019165,0,0
579,0.08140079,2.920828104019165,0,0
580,0.08173474,2.920828104019165,0,0
581,0.0947253,2.920828104019165,0,0
582,0.08638307,2.920828104019165,0,0
583,0.049734324,2.920828104019165,0,0
584,0.050075486,2.920828104019165,0,0
585,0.050508708,2.920828104019165,0,0
586,0.05085768,2.920828104019165,0,0
587,0.046740223,2.920828104019165,0,0
588,0.043902766,2.920828104019165,0,0
589,0.04013253,2.920828104019165,0,0
590,0.036558967,2.920828104019165,0,0
591,0.0026220768,2.920828104019165,0,0
592,0.0029288393,2.920828104019165,0,0
593,0.0026946436,2.920828104019165,0,0
594,0.03115485,2.920828104019165,0,0
595,0.031459894,2.920828104019165,0,0
596,0.03133859,2.920828104019165,0,0
597,0.031978495,2.920828104019165,0,0
598,0.032201637,2.920828104019165,0,0
599,0.06582726,2.920828104019165,0,0
600,0.07040821,2.920828104019165,0,0
601,0.088861,2.920828104019165,0,0
602,0.09702536,2.920828104019165,0,0
603,0.103128605,2.920828104019165,0,0
604,0.08185552,2.920828104019165,0,0
605,0.10241195,2.920828104019165,0,0
606,0.10840827,2.920828104019165,0,0
607,0.11293126,2.920828104019165,0,0
608,0.10724333,2.920828104019165,0,0
609,0.07921128,2.920828104019165,0,0
610,0.07689704,2.920828104019165,0,0
611,0.046623286,2.920828104019165,0,0
612,0.043387108,2.920828104019165,0,0
613,0.03974509,2.920828104019165,0,0
614,0.03835594,2.920828104019165,0,0
615,0.042112157,2.920828104019165,0,0
616,0.06332176,2.920828104019165,0,0
617,0.07193836,2.920828104019165,0,0
618,0.07841092,2.920828104019165,0,0
619,0.0854681,2.920828104019165,0,0
620,0.08542064,2.920828104019165,0,0
621,0.08255899,2.920828104019165,0,0
622,0.10280888,2.920828104019165,0,0
623,0.09769859,2.920828104019165,0,0
624,0.09559594,2.920828104019165,0,0
625,0.06811015,2.920828104019165,0,0
626,0.031916127,2.920828104019165,0,0
627,0.030848403,2.920828104019165,0,0
628,0.030097287,2.920828104019165,0,0
629,0.029494079,2.920828104019165,0,0
630,0.027795902,2.920828104019165,0,0
631,0.026228273,2.920828104019165,0,0
632,0.003014764,2.920828104019165,0,0
633,0.0440716,2.920828104019165,0,0
634,0.046733864,2.920828104019165,0,0
635,0.04788501,2.920828104019165,0,0
636,0.049046353,2.920828104019165,0,0
637,0.04976312,2.920828104019165,0,0
638,0.04923369,2.920828104019165,0,0
639,0.08298817,2.920828104019165,0,0
640,0.0775816,2.920828104019165,0,0
641,0.075449646,2.920828104019165,0,0
642,0.0731872,2.920828104019165,0,0
643,0.03788234,2.920828104019165,0,0
644,0.071356505,2.920828104019165,0,0
645,0.07626723,2.920828104019165,0,0
646,0.078757755,2.920828104019165,0,0
647,0.0799318,2.920828104019165,0,0
648,0.11076381,2.920828104019165,0,0
649,0.08227428,2.920828104019165,0,0
650,0.08463731,2.920828104019165,0,0
651,0.08634305,2.920828104019165,0,0
652,0.08491022,2.920828104019165,0,0
653,0.082603544,2.920828104019165,0,0
654,0.05026164,2.920828104019165,0,0
655,0.04555825,2.920828104019165,0,0
656,0.04623525,2.920828104019165,0,0
657,0.041495495,2.920828104019165,0,0
658,0.0030514908,2.920828104019165,0,0
659,0.0033525878,2.920828104019165,0,0
660,0.0033512423,2.920828104019165,0,0
661,0.0026403053,2.920828104019165,0,0
662,0.042864677,2.920828104019165,0,0
663,0.043812025,2.920828104019165,0,0
664,0.067238584,2.920828104019165,0,0
665,0.074543804,2.920828104019165,0,0
666,0.08094744,2.920828104019165,0,0
667,0.08117978,2.920828104019165,0,0
668,0.10195537,2.920828104019165,0,0
669,0.106933124,2.920828104019165,0,0
670,0.108587086,2.920828104019165,0,0
671,0.10661513,2.920828104019165,0,0
672,0.08197208,2.920828104019165,0,0
673,0.07824218,2.920828104019165,0,0
674,0.046261285,2.920828104019165,0,0
675,0.043270644,2.920828104019165,0,0
676,0.03979532,2.920828104019165,0,0
677,0.03802745,2.920828104019165,0,0
678,0.0076107825,2.920828104019165,0,0
679,0.05080194,2.920828104019165,0,0
680,0.075848006,2.920828104019165,0,0
681,0.08266425,2.920828104019165,0,0
682,0.09629085,2.920828104019165,0,0
683,0.35631856,2.920828104019165,0,0
684,0.34256765,2.920828104019165,0,0
685,0.3268958,2.920828104019165,0,0
686,0.31969044,2.920828104019165,0,0
687,0.36791608,2.920828104019165,0,0
688,0.3742484,2.920828104019165,0,0
689,0.35602337,2.920828104019165,0,0
690,0.32594663,2.920828104019165,0,0
691,0.34677637,2.920828104019165,0,0
692,0.5672182,2.920828104019165,0,0
693,0.05177222,2.920828104019165,0,0
694,0.046603788,2.920828104019165,0,0
695,0.044000402,2.920828104019165,0,0
696,0.043847952,2.920828104019165,0,0
697,0.0035174212,2.920828104019165,0,0
698,0.0031102148,2.920828104019165,0,0
699,0.0026868759,2.920828104019165,0,0
700,0.0033509939,2.920828104019165,0,0
701,0.0031768174,2.920828104019165,0,0
702,0.0019304189,2.920828104019165,0,0
703,0.0020784694,2.920828104019165,0,0
704,0.002454864,2.920828104019165,0,0
705,0.00216543,2.920828104019165,0,0
706,0.0019976452,2.920828104019165,0,0
707,0.0020826086,2.920828104019165,0,0
708,0.0025338863,2.920828104019165,0,0
709,0.031300444,2.920828104019165,0,0
710,0.032064784,2.920828104019165,0,0
711,0.061293636,2.920828104019165,0,0
712,0.06807807,2.920828104019165,0,0
713,0.069354005,2.920828104019165,0,0
714,0.07208339,2.920828104019165,0,0
715,0.071686536,2.920828104019165,0,0
716,0.07136864,2.920828104019165,0,0
717,0.06987405,2.920828104019165,0,0
718,0.067651145,2.920828104019165,0,0
719,0.043220606,2.920828104019165,0,0
720,0.041778024,2.920828104019165,0,0
721,0.002374506,2.920828104019165,0,0
722,0.0030468558,2.920828104019165,0,0
723,0.0030100623,2.920828104019165,0,0
724,0.6159461,2.920828104019165,0,0
725,0.45261553,2.920828104019165,0,0
726,0.41507238,2.920828104019165,0,0
727,0.49356773,2.920828104019165,0,0
728,2.2034936,2.920828104019165,0,0
729,2.371878,2.920828104019165,0,0
730,2.3939638,2.920828104019165,0,0
731,2.5417373,2.920828104019165,0,0
732,2.7425992,2.920828104019165,0,0
733,3.135888,2.920828104019165,1,0
734,1.358705,2.920828104019165,0,0
735,1.3330421,2.920828104019165,0,0
736,1.3642805,2.920828104019165,0,0
737,1.5252389,2.920828104019165,0,0
738,0.0030149645,2.920828104019165,0,0
739,0.0025721467,2.920828104019165,0,0
740,0.0038474298,2.920828104019165,0,0
741,0.048673436,2.920828104019165,0,0
742,0.048835043,2.920828104019165,0,0
743,0.04999671,2.920828104019165,0,0
744,0.06927022,2.920828104019165,0,0
745,0.07330586,2.920828104019165,0,0
746,0.07464957,2.920828104019165,0,0
747,0.10085579,2.920828104019165,0,0
748,0.105733536,2.920828104019165,0,0
749,0.10784855,2.920828104019165,0,0
750,0.10377031,2.920828104019165,0,0
751,0.09941661,2.920828104019165,0,0
752,0.10388703,2.920828104019165,0,0
753,0.1252971,2.920828104019165,0,0
754,0.1100667,2.920828104019165,0,0
755,0.113254964,2.920828104019165,0,0
756,0.13366875,2.920828104019165,0,0
757,0.106736764,2.920828104019165,0,0
758,0.10830336,2.920828104019165,0,0
759,0.10731128,2.920828104019165,0,0
760,0.109044276,2.920828104019165,0,0
761,0.11552916,2.920828104019165,0,0
762,0.13428889,2.920828104019165,0,0
763,0.10410401,2.920828104019165,0,0
764,0.1113186,2.920828104019165,0,0
765,0.114237905,2.920828104019165,0,0
766,0.08321199,2.920828104019165,0,0
767,0.081592426,2.920828104019165,0,0
768,0.07586006,2.920828104019165,0,0
769,0.069499835,2.920828104019165,0,0
770,0.119268924,2.920828104019165,0,0
771,0.08401187,2.920828104019165,0,0
772,0.04751274,2.920828104019165,0,0
773,0.049467567,2.920828104019165,0,0
774,0.047832407,2.920828104019165,0,0
775,0.07931386,2.920828104019165,0,0
776,0.09732503,2.920828104019165,0,0
777,0.108369365,2.920828104019165,0,0
778,0.11444366,2.920828104019165,0,0
779,0.11682074,2.920828104019165,0,0
780,0.08501887,2.920828104019165,0,0
781,0.08495251,2.920828104019165,0,0
782,0.081609525,2.920828104019165,0,0
783,0.12121912,2.920828104019165,0,0
784,0.15017432,2.920828104019165,0,0
785,0.11599359,2.920828104019165,0,0
786,0.07901738,2.920828104019165,0,0
787,0.08142423,2.920828104019165,0,0
788,0.08254321,2.920828104019165,0,0
789,0.10536777,2.920828104019165,0,0
790,0.109157264,2.920828104019165,0,0
791,0.11053762,2.920828104019165,0,0
792,0.10930981,2.920828104019165,0,0
793,0.08105021,2.920828104019165,0,0
794,0.04722316,2.920828104019165,0,0
795,0.04709686,2.920828104019165,0,0
796,0.04582452,2.920828104019165,0,0
797,0.044601604,2.920828104019165,0,0
798,0.041068222,2.920828104019165,0,0
799,0.0040751155,2.920828104019165,0,0
800,0.0037087996,2.920828104019165,0,0
801,0.04547463,2.920828104019165,0,0
802,0.06456856,2.920828104019165,0,0
803,0.07087094,2.920828104019165,0,0
804,0.08730126,2.920828104019165,0,0
805,0.09599766,2.920828104019165,0,0
806,0.10349167,2.920828104019165,0,0
807,0.10425666,2.920828104019165,0,0
808,0.10056323,2.920828104019165,0,0
809,0.09330046,2.920828104019165,0,0
810,0.1403255,2.920828104019165,0,0
811,0.1174921,2.920828104019165,0,0
812,0.1303641,2.920828104019165,0,0
813,0.09857863,2.920828104019165,0,0
814,0.10823554,2.920828104019165,0,0
815,0.11306202,2.920828104019165,0,0
816,0.11667459,2.920828104019165,0,0
817,0.11247368,2.920828104019165,0,0
818,0.10606966,2.920828104019165,0,0
819,0.099103734,2.920828104019165,0,0
820,0.07263353,2.920828104019165,0,0
821,0.07106284,2.920828104019165,0,0
822,0.035649717,2.920828104019165,0,0
823,0.0023265711,2.920828104019165,0,0
824,0.0019416765,2.920828104019165,0,0
825,0.0019469814,2.920828104019165,0,0
826,0.044911895,2.920828104019165,0,0
827,0.04694371,2.920828104019165,0,0
828,0.071956754,2.920828104019165,0,0
829,0.08143971,2.920828104019165,0,0
830,0.093675606,2.920828104019165,0,0
831,0.104105145,2.920828104019165,0,0
832,0.1099733,2.920828104019165,0,0
833,0.11005356,2.920828104019165,0,0
834,0.10579825,2.920828104019165,0,0
835,0.09983725,2.920828104019165,0,0
836,0.07273303,2.920828104019165,0,0
837,0.06867466,2.920828104019165,0,0
838,0.04097256,2.920828104019165,0,0
839,0.0025001273,2.920828104019165,0,0
840,0.0033938992,2.920828104019165,0,0
841,0.0037924717,2.920828104019165,0,0
842,0.004188382,2.920828104019165,0,0
843,0.0032630046,2.920828104019165,0,0
844,0.0026299243,2.920828104019165,0,0
845,0.04336904,2.920828104019165,0,0
846,0.04748492,2.920828104019165,0,0
847,0.04865951,2.920828104019165,0,0
848,0.049733527,2.920828104019165,0,0
849,0.05173339,2.920828104019165,0,0
850,0.052531265,2.920828104019165,0,0
851,0.051157143,2.920828104019165,0,0
852,0.04878732,2.920828104019165,0,0
853,0.09259416,2.920828104019165,0,0
854,0.11220208,2.920828104019165,0,0
855,0.075516075,2.920828104019165,0,0
856,0.090933956,2.920828104019165,0,0
857,1.2816634,2.920828104019165,0,0
858,1.3947176,2.920828104019165,0,0
859,1.5055095,2.920828104019165,0,0
860,1.4528937,2.920828104019165,0,0
861,1.4367174,2.920828104019165,0,0
862,1.4327158,2.920828104019165,0,0
863,1.4653842,2.920828104019165,0,0
864,1.4243461,2.920828104019165,0,0
865,1.4650965,2.920828104019165,0,0
866,1.6688081,2.920828104019165,0,0
867,0.081346296,2.920828104019165,0,0
868,0.079856694,2.920828104019165,0,0
869,0.047606077,2.920828104019165,0,0
870,0.085192375,2.920828104019165,0,0
871,0.10724423,2.920828104019165,0,0
872,0.118510775,2.920828104019165,0,0
873,0.082076125,2.920828104019165,0,0
874,0.09770494,2.920828104019165,0,0
875,0.10508372,2.920828104019165,0,0
876,0.1093157,2.920828104019165,0,0
877,0.13043058,2.920828104019165,0,0
878,0.13465154,2.920828104019165,0,0
879,0.1340848,2.920828104019165,0,0
880,0.11176598,2.920828104019165,0,0
881,0.085234866,2.920828104019165,0,0
882,0.0846912,2.920828104019165,0,0
883,0.049245685,2.920828104019165,0,0
884,0.04756555,2.920828104019165,0,0
885,0.09071888,2.920828104019165,0,0
886,0.49473545,2.920828104019165,0,0
887,0.42084697,2.920828104019165,0,0
888,0.39712837,2.920828104019165,0,0
889,0.3956139,2.920828104019165,0,0
890,0.3599926,2.920828104019165,0,0
891,0.34846133,2.920828104019165,0,0
892,0.38460845,2.920828104019165,0,0
893,0.41369286,2.920828104019165,0,0
894,0.516541,2.920828104019165,0,0
895,0.72503537,2.920828104019165,0,0
896,0.050945446,2.920828104019165,0,0
897,0.05103572,2.920828104019165,0,0
898,0.047955118,2.920828104019165,0,0
899,0.04606313,2.920828104019165,0,0
900,0.09040032,2.920828104019165,0,0
901,0.09240709,2.920828104019165,0,0
902,0.0513773,2.920828104019165,0,0
903,0.051227044,2.920828104019165,0,0
904,0.052483615,2.920828104019165,0,0
905,0.05285011,2.920828104019165,0,0
906,0.05109104,2.920828104019165,0,0
907,0.046732735,2.920828104019165,0,0
908,0.04337465,2.920828104019165,0,0
909,0.042794764,2.920828104019165,0,0
910,0.002954315,2.920828104019165,0,0
911,0.002074546,2.920828104019165,0,0
912,0.04732653,2.920828104019165,0,0
913,0.046889037,2.920828104019165,0,0
914,0.048017807,2.920828104019165,0,0
915,0.049881317,2.920828104019165,0,0
916,0.051232193,2.920828104019165,0,0
917,0.05129803,2.920828104019165,0,0
918,0.24117528,2.920828104019165,0,0
919,0.22444601,2.920828104019165,0,0
920,0.2051251,2.920828104019165,0,0
921,0.19389582,2.920828104019165,0,0
922,0.16026099,2.920828104019165,0,0
923,0.15920931,2.920828104019165,0,0
924,0.15770997,2.920828104019165,0,0
925,0.21608977,2.920828104019165,0,0
926,0.22817318,2.920828104019165,0,0
927,0.25201404,2.920828104019165,0,0
928,0.049334336,2.920828104019165,0,0
929,0.048831426,2.920828104019165,0,0
930,0.047793694,2.920828104019165,0,0
931,0.046143048,2.920828104019165,0,0
932,0.04485381,2.920828104019165,0,0
933,0.044280842,2.920828104019165,0,0
934,0.039221395,2.920828104019165,0,0
935,0.0037882226,2.920828104019165,0,0
936,0.0038298368,2.920828104019165,0,0
937,0.0022531252,2.920828104019165,0,0
938,0.0016425047,2.920828104019165,0,0
939,0.0015643915,2.920828104019165,0,0
940,0.0017255527,2.920828104019165,0,0
941,0.0020040467,2.920828104019165,0,0
942,0.0021026358,2.920828104019165,0,0
943,0.0019414526,2.920828104019165,0,0
944,0.0022295008,2.920828104019165,0,0
945,0.0033554398,2.920828104019165,0,0
946,0.0035768605,2.920828104019165,0,0
947,0.004909603,2.920828104019165,0,0
948,0.0017739288,2.920828104019165,0,0
949,0.002233154,2.920828104019165,0,0
950,0.043020304,2.920828104019165,0,0
951,0.06325957,2.920828104019165,0,0
952,0.07189806,2.920828104019165,0,0
953,0.07780998,2.920828104019165,0,0
954,0.08040228,2.920828104019165,0,0
955,1.0073588,2.920828104019165,0,0
956,0.85815495,2.920828104019165,0,0
957,0.8483725,2.920828104019165,0,0
958,0.8280108,2.920828104019165,0,0
959,0.7936546,2.920828104019165,0,0
960,0.7390433,2.920828104019165,0,0
961,0.70381385,2.920828104019165,0,0
962,0.7581891,2.920828104019165,0,0
963,0.83497626,2.920828104019165,0,0
964,1.3070055,2.920828104019165,0,0
965,0.0024131392,2.920828104019165,0,0
966,0.001967546,2.920828104019165,0,0
967,0.0027885064,2.920828104019165,0,0
968,0.0023465015,2.920828104019165,0,0
969,0.0030348173,2.920828104019165,0,0
970,0.042130277,2.920828104019165,0,0
971,0.042904273,2.920828104019165,0,0
972,0.044610135,2.920828104019165,0,0
973,0.04655776,2.920828104019165,0,0
974,0.048227623,2.920828104019165,0,0
975,0.04795029,2.920828104019165,0,0
976,0.08178264,2.920828104019165,0,0
977,0.08481993,2.920828104019165,0,0
978,0.08513717,2.920828104019165,0,0
979,0.08509801,2.920828104019165,0,0
980,0.052274354,2.920828104019165,0,0
981,0.05134775,2.920828104019165,0,0
982,0.048915222,2.920828104019165,0,0
983,0.045443136,2.920828104019165,0,0
984,0.041517127,2.920828104019165,0,0
985,0.04025997,2.920828104019165,0,0
986,0.0031513174,2.920828104019165,0,0
987,0.0026912363,2.920828104019165,0,0
988,0.0025647427,2.920828104019165,0,0
989,0.0026488355,2.920828104019165,0,0
